Age,Height,Weight,Bmi,BmiClass,Gender,TargetWeight,ActivityLevel,DaysToGoal,Achieved,GoalType
61,1.85,109.3,31.935719503287100,Obese Class 1,Male,72.0,1,1492,1,저지방 고단백
60,1.71,79.02,27.02369959987690,Overweight,Male,59.3,1,789,1,저지방 고단백
60,1.55,74.7,31.09261186264310,Obese Class 1,Female,44.2,4,305,0,저지방 고단백
60,1.46,35.9,16.841808969788000,Underweight,Female,53.3,1,696,0,벌크업
60,1.58,97.1,38.89601025476690,Obese Class 2,Female,69.1,1,1120,0,저지방 고단백
59,1.71,79.32,27.1262952703396,Overweight,Male,50.2,2,874,0,저지방 고단백
59,1.7,73.32,25.37024221453290,Overweight,Male,79.2,4,59,1,벌크업
59,1.72,85.32,28.83991346673880,Overweight,Male,74.9,4,104,1,저지방 고단백
59,1.46,36.0,16.88872208669540,Underweight,Female,35.2,3,16,1,저지방 고단백
59,1.83,104.7,31.26399713338710,Obese Class 1,Male,80.7,1,960,1,저지방 고단백
58,1.71,79.31,27.122875414657500,Overweight,Male,82.0,1,108,1,벌크업
58,1.7,73.41,25.401384083045000,Overweight,Male,68.5,1,196,1,저지방 고단백
58,1.72,85.21,28.80273120605730,Overweight,Male,65.3,3,398,1,저지방 고단백
58,1.47,36.0,16.65972511453560,Underweight,Female,54.7,2,561,0,벌크업
57,1.71,79.3,27.11945555897540,Overweight,Male,70.4,2,267,1,저지방 고단백
57,1.7,73.5,25.432525951557100,Overweight,Male,80.9,1,296,0,벌크업
57,1.72,85.1,28.76554894537590,Overweight,Male,83.2,3,38,0,저지방 고단백
57,1.75,110.0,35.91836734693880,Obese Class 2,Male,80.4,1,1184,0,저지방 고단백
57,1.58,79.7,31.92597340169840,Obese Class 1,Female,44.3,3,708,0,저지방 고단백
57,1.47,36.0,16.65972511453560,Underweight,Female,54.1,2,543,1,벌크업
57,1.6,99.1,38.71093750000000,Obese Class 2,Female,64.2,3,698,0,저지방 고단백
56,1.71,79.29,27.116035703293300,Overweight,Male,53.9,3,508,1,저지방 고단백
56,1.7,73.59,25.463667820069200,Overweight,Male,62.2,2,342,0,저지방 고단백
56,1.72,84.99,28.728366684694400,Overweight,Male,88.0,1,120,0,벌크업
56,1.59,75.8,29.982991179146400,Overweight,Female,46.1,3,594,0,저지방 고단백
56,1.47,36.1,16.706002128742700,Underweight,Female,55.9,2,594,1,벌크업
56,1.8,98.5,30.40123456790120,Obese Class 1,Male,54.4,2,1323,1,저지방 고단백
56,1.59,98.0,38.764289387286900,Obese Class 2,Female,44.4,4,536,1,저지방 고단백
55,1.72,79.28,26.79826933477560,Overweight,Male,75.3,3,80,0,저지방 고단백
55,1.71,73.68,25.19749666564070,Overweight,Male,52.1,4,216,1,저지방 고단백
55,1.73,84.88,28.36045307227100,Overweight,Male,50.9,4,340,0,저지방 고단백
55,1.72,95.0,32.11195240670630,Obese Class 1,Male,59.7,1,1412,1,저지방 고단백
55,1.7,160.0,55.36332179930800,Obese Class 3,Male,71.5,2,2655,1,저지방 고단백
55,1.48,36.1,16.48100803506210,Underweight,Female,38.8,3,54,0,벌크업
54,1.72,79.32,26.811790156841500,Overweight,Male,49.1,3,604,0,저지방 고단백
54,1.71,73.82,25.245374645190000,Overweight,Male,72.3,2,46,1,저지방 고단백
54,1.61,78.1,30.1300104162648,Obese Class 1,Female,62.2,4,159,0,저지방 고단백
54,1.48,36.2,16.526661796932100,Underweight,Female,38.0,1,72,1,벌크업
54,1.61,100.3,38.69449481115700,Obese Class 2,Female,46.2,4,541,0,저지방 고단백
53,1.72,79.31,26.808409951325000,Overweight,Male,62.0,2,519,0,저지방 고단백
53,1.62,76.3,29.073311995122700,Overweight,Female,55.2,3,422,0,저지방 고단백
53,1.49,36.2,16.305571821089100,Underweight,Female,63.3,1,1084,0,벌크업
53,1.62,101.7,38.7517146776406,Obese Class 2,Female,44.2,3,1150,0,저지방 고단백
52,1.72,79.3,26.805029745808500,Overweight,Male,51.3,3,560,1,저지방 고단백
52,1.71,74.0,25.3069320474676,Overweight,Male,58.8,1,608,0,저지방 고단백
52,1.6,73.0,28.515625,Overweight,Female,46.8,1,1048,1,저지방 고단백
52,1.49,36.3,16.350614837169500,Underweight,Female,53.5,2,516,0,벌크업
52,1.64,105.1,39.07644259369420,Obese Class 2,Female,62.1,1,1720,1,저지방 고단백
51,1.72,79.29,26.80164954029210,Overweight,Male,70.7,3,172,1,저지방 고단백
51,1.71,74.09,25.33771074860640,Overweight,Male,76.9,4,28,1,벌크업
51,1.63,70.2,26.421769731642100,Overweight,Female,46.1,4,241,1,저지방 고단백
51,1.5,36.4,16.177777777777800,Underweight,Female,38.0,4,16,1,벌크업
51,1.75,91.2,29.779591836734700,Overweight,Male,53.7,1,1500,0,저지방 고단백
51,1.7,107.3,37.1280276816609,Obese Class 2,Male,74.4,1,1316,1,저지방 고단백
50,1.73,79.28,26.489358147616000,Overweight,Male,83.8,3,90,1,벌크업
50,1.72,74.18,25.074364521362900,Overweight,Male,87.4,2,397,1,벌크업
50,1.74,84.38,27.870260272162800,Overweight,Male,81.1,2,98,1,저지방 고단백
50,1.8,135.0,41.66666666666670,Obese Class 3,Male,57.2,4,778,0,저지방 고단백
50,1.62,46.0,17.527815881725300,Underweight,Female,51.2,2,156,0,벌크업
50,1.63,72.5,27.28744024991530,Overweight,Female,53.7,4,188,1,저지방 고단백
50,1.5,36.5,16.22222222222220,Underweight,Female,62.8,2,789,1,벌크업
50,1.84,106.9,31.574905482041600,Obese Class 1,Male,59.4,4,475,0,저지방 고단백
50,1.66,110.5,40.10015967484400,Obese Class 3,Female,81.6,1,1156,1,저지방 고단백
49,1.73,79.02,26.40248588325700,Overweight,Male,86.6,3,152,0,벌크업
49,1.72,74.02,25.020281233099000,Overweight,Male,70.3,3,74,0,저지방 고단백
49,1.74,84.02,27.751354207953500,Overweight,Male,63.3,4,207,1,저지방 고단백
49,1.6,75.0,29.296875,Overweight,Female,55.2,1,792,1,저지방 고단백
49,1.6,44.0,17.187500000000000,Underweight,Female,76.1,2,963,1,벌크업
49,1.64,77.9,28.96341463414640,Overweight,Female,55.8,4,221,0,저지방 고단백
49,1.51,36.6,16.051927547037400,Underweight,Female,39.2,3,52,0,벌크업
49,1.63,103.2,38.84225977643120,Obese Class 2,Female,44.7,2,1755,0,저지방 고단백
48,1.74,79.01,26.09657814770780,Overweight,Male,56.5,3,450,1,저지방 고단백
48,1.73,74.11,24.761936583247000,Normal Weight,Male,73.3,2,24,0,저지방 고단백
48,1.75,83.91,27.399183673469400,Overweight,Male,52.0,2,957,0,저지방 고단백
48,1.63,100.0,37.63784862057290,Obese Class 2,Female,76.8,3,464,0,저지방 고단백
48,1.58,42.0,16.82422688671690,Underweight,Female,55.9,3,278,0,벌크업
48,1.68,79.5,28.16751700680270,Overweight,Female,52.1,1,1096,0,저지방 고단백
48,1.51,36.7,16.095785272575800,Underweight,Female,53.0,2,489,1,벌크업
48,1.69,110.9,38.82917264801650,Obese Class 2,Female,49.3,3,1232,1,저지방 고단백
47,1.74,79.0,26.09327520147970,Overweight,Male,80.9,2,57,1,벌크업
47,1.73,74.2,24.792007751679000,Normal Weight,Male,84.8,2,318,1,벌크업
47,1.75,83.8,27.363265306122400,Overweight,Male,62.8,4,210,0,저지방 고단백
47,1.55,40.0,16.649323621227900,Underweight,Female,58.9,1,756,1,벌크업
47,1.65,75.3,27.65840220385680,Overweight,Female,49.8,3,510,1,저지방 고단백
47,1.52,36.8,15.92797783933520,Underweight,Female,41.0,2,126,0,벌크업
47,1.82,99.7,30.09902185726360,Obese Class 1,Male,70.9,2,864,0,저지방 고단백
47,1.75,112.2,36.63673469387760,Obese Class 2,Male,52.2,1,2400,0,저지방 고단백
46,1.74,78.99,26.08997225525170,Overweight,Male,74.6,1,176,1,저지방 고단백
46,1.73,74.29,24.82207892011090,Normal Weight,Male,50.4,2,717,1,저지방 고단백
46,1.75,83.69,27.32734693877550,Overweight,Male,56.1,2,828,0,저지방 고단백
46,1.86,70.0,20.23355301190890,Normal Weight,Male,99.9,2,897,1,벌크업
46,1.73,77.0,25.72755521400650,Overweight,Male,51.8,4,252,0,저지방 고단백
46,1.52,36.9,15.971260387811600,Underweight,Female,42.0,3,102,0,벌크업
46,1.74,111.2,36.72876205575370,Obese Class 2,Male,54.0,2,1716,0,저지방 고단백
45,1.74,78.98,26.086669309023600,Overweight,Male,54.4,2,737,1,저지방 고단백
45,1.73,74.38,24.85215008854290,Normal Weight,Male,85.6,4,112,0,벌크업
45,1.75,83.58,27.29142857142860,Overweight,Male,80.0,4,36,1,저지방 고단백
45,1.68,140.0,49.60317460317460,Obese Class 3,Female,61.9,1,3124,0,저지방 고단백
45,1.84,68.0,20.08506616257090,Normal Weight,Male,94.0,3,520,1,벌크업
45,1.72,78.3,26.467009194159000,Overweight,Male,50.7,1,1104,0,저지방 고단백
45,1.53,37.0,15.805886624802400,Underweight,Female,68.1,4,311,1,벌크업
45,1.78,90.7,28.626436056053500,Overweight,Male,64.1,2,798,0,저지방 고단백
45,1.8,116.0,35.80246913580250,Obese Class 2,Male,59.1,1,2276,1,저지방 고단백
44,1.74,78.62,25.96776324481440,Overweight,Male,90.7,4,121,0,벌크업
44,1.73,74.12,24.7652778241839,Normal Weight,Male,82.2,4,81,1,벌크업
44,1.75,83.12,27.14122448979590,Overweight,Male,71.6,1,461,1,저지방 고단백
44,1.82,66.0,19.925129815239700,Normal Weight,Male,67.1,2,33,0,벌크업
44,1.71,74.4,25.44372627475120,Overweight,Male,67.0,4,74,0,저지방 고단백
44,1.53,37.2,15.89132384980140,Underweight,Female,44.7,1,300,0,벌크업
44,1.8,96.1,29.66049382716050,Overweight,Male,75.3,1,832,0,저지방 고단백
44,1.79,116.4,36.32845416809710,Obese Class 2,Male,59.8,1,2264,1,저지방 고단백
43,1.74,78.61,25.96446029858630,Overweight,Male,76.3,1,92,0,저지방 고단백
43,1.73,74.21,24.795348992615900,Normal Weight,Male,80.1,4,59,1,벌크업
43,1.75,83.01,27.10530612244900,Overweight,Male,65.2,1,712,0,저지방 고단백
43,1.8,64.0,19.753086419753100,Normal Weight,Male,67.9,3,78,1,벌크업
43,1.69,72.2,25.27922691782500,Overweight,Female,80.8,1,344,0,벌크업
43,1.54,37.4,15.769944341372900,Underweight,Female,45.1,4,77,0,벌크업
43,1.78,114.5,36.13811387451080,Obese Class 2,Male,93.7,2,624,1,저지방 고단백
42,1.74,78.6,25.961157352358300,Overweight,Male,53.4,2,756,1,저지방 고단백
42,1.73,74.3,24.825420161047800,Normal Weight,Male,59.6,3,294,0,저지방 고단백
42,1.75,82.9,27.06938775510200,Overweight,Male,73.7,2,276,0,저지방 고단백
42,1.65,90.0,33.057851239669400,Obese Class 1,Female,70.4,1,784,0,저지방 고단백
42,1.78,62.0,19.56823633379620,Normal Weight,Male,78.2,2,486,0,벌크업
42,1.75,76.5,24.97959183673470,Normal Weight,Male,52.5,1,960,0,저지방 고단백
42,1.54,37.5,15.812109967954100,Underweight,Female,40.7,4,32,1,벌크업
42,1.79,93.8,29.274991417246700,Overweight,Male,92.9,3,18,1,저지방 고단백
42,1.75,112.0,36.57142857142860,Obese Class 2,Male,77.9,4,341,0,저지방 고단백
41,1.74,78.59,25.95785440613030,Overweight,Male,90.1,1,460,1,벌크업
41,1.73,74.39,24.85549132947980,Normal Weight,Male,82.9,4,85,0,벌크업
41,1.75,82.79,27.033469387755100,Overweight,Male,51.2,2,948,0,저지방 고단백
41,1.76,60.0,19.3698347107438,Normal Weight,Male,83.4,4,234,1,벌크업
41,1.72,78.6,26.56841535965390,Overweight,Male,53.2,4,254,1,저지방 고단백
41,1.55,37.7,15.691987513007300,Underweight,Female,49.7,2,360,1,벌크업
41,1.73,110.1,36.78706271509240,Obese Class 2,Male,58.2,4,519,1,저지방 고단백
40,1.74,78.58,25.95455145990220,Overweight,Male,54.0,2,737,0,저지방 고단백
40,1.73,74.48,24.885562497911700,Normal Weight,Male,89.1,4,146,0,벌크업
40,1.75,82.68,26.997551020408200,Overweight,Male,73.3,3,188,0,저지방 고단백
40,1.729,74.48,24.914356898162600,Normal Weight,Male,85.9,3,228,1,벌크업
40,1.7,105.0,36.33217993079590,Obese Class 2,Male,49.6,2,1662,1,저지방 고단백
40,1.74,58.0,19.15708812260540,Normal Weight,Male,73.7,1,628,0,벌크업
40,1.7,75.0,25.95155709342560,Overweight,Male,77.1,4,21,0,벌크업
40,1.56,38.0,15.61472715318870,Underweight,Female,65.7,2,831,1,벌크업
40,1.68,108.6,38.47789115646260,Obese Class 2,Female,53.3,1,2212,0,저지방 고단백
39,1.74,77.42,25.571409697450100,Overweight,Male,62.6,1,593,1,저지방 고단백
39,1.73,73.42,24.531390958602000,Normal Weight,Male,83.8,3,208,1,벌크업
39,1.75,81.42,26.58612244897960,Overweight,Male,65.9,4,155,0,저지방 고단백
39,1.729,73.42,24.559775556701100,Normal Weight,Male,86.8,4,134,1,벌크업
39,1.72,56.0,18.92915089237430,Normal Weight,Male,77.2,4,212,0,벌크업
39,1.66,71.7,26.019741617070700,Overweight,Female,50.9,1,832,1,저지방 고단백
39,1.56,38.3,15.73800131492440,Underweight,Female,57.9,1,784,1,벌크업
39,1.78,90.2,28.468627698522900,Overweight,Male,82.0,2,246,1,저지방 고단백
39,1.74,111.7,36.8939093671555,Obese Class 2,Male,73.3,4,384,1,저지방 고단백
38,1.74,77.41,25.56810675122210,Overweight,Male,54.0,4,234,1,저지방 고단백
38,1.73,73.51,24.56146212703400,Normal Weight,Male,88.7,4,152,0,벌크업
38,1.75,81.31,26.550204081632700,Overweight,Male,54.2,2,813,1,저지방 고단백
38,1.729,73.51,24.589881519655300,Normal Weight,Male,69.6,3,78,1,저지방 고단백
38,1.68,80.0,28.344671201814100,Overweight,Female,72.8,3,144,1,저지방 고단백
38,1.7,54.0,18.68512110726640,Normal Weight,Male,48.4,2,168,1,저지방 고단백
38,1.71,74.8,25.58052050203480,Overweight,Male,58.7,4,161,0,저지방 고단백
38,1.57,38.7,15.70043409468940,Underweight,Female,41.3,1,104,0,벌크업
38,1.77,88.3,28.18474895464270,Overweight,Male,91.0,1,108,1,벌크업
38,1.78,118.9,37.52682742078020,Obese Class 2,Male,79.4,2,1185,0,저지방 고단백
37,1.74,77.4,25.564803804994100,Overweight,Male,51.8,3,512,0,저지방 고단백
37,1.73,73.6,24.591533295465900,Normal Weight,Male,63.7,2,297,1,저지방 고단백
37,1.75,81.2,26.51428571428570,Overweight,Male,51.0,2,906,1,저지방 고단백
37,1.729,73.6,24.61998748260960,Normal Weight,Male,50.1,1,940,0,저지방 고단백
37,1.7298,80.4,26.869789441512200,Overweight,Male,86.7,2,189,0,벌크업
37,1.68,52.0,18.42403628117910,Underweight,Female,48.0,3,80,0,저지방 고단백
37,1.67,71.1,25.493922334970800,Overweight,Female,50.7,3,408,0,저지방 고단백
37,1.58,39.1,15.662554077872100,Underweight,Female,44.2,2,153,1,벌크업
37,1.76,113.3,36.57670454545460,Obese Class 2,Male,60.9,2,1572,1,저지방 고단백
36,1.74,77.39,25.56150085876600,Overweight,Male,81.4,1,160,0,벌크업
36,1.73,73.69,24.62160446389790,Normal Weight,Male,58.0,3,314,0,저지방 고단백
36,1.75,81.09,26.47836734693880,Overweight,Male,52.3,2,864,1,저지방 고단백
36,1.729,73.69,24.6500934455639,Normal Weight,Male,60.8,3,258,0,저지방 고단백
36,1.7298,80.39,26.866447427900100,Overweight,Male,53.8,2,798,1,저지방 고단백
36,1.66,50.0,18.144868631151100,Underweight,Female,72.5,4,225,1,벌크업
36,1.69,62.0,21.707923392038100,Normal Weight,Female,47.3,1,588,0,저지방 고단백
36,1.68,68.4,24.234693877551000,Normal Weight,Female,79.1,4,107,0,벌크업
36,1.59,39.6,15.663937344250600,Underweight,Female,42.8,3,64,0,벌크업
36,1.75,112.2,36.63673469387760,Obese Class 2,Male,55.6,2,1698,1,저지방 고단백
35,1.74,77.38,25.55819791253800,Overweight,Male,52.7,2,740,1,저지방 고단백
35,1.73,73.78,24.651675632329800,Normal Weight,Male,70.0,2,113,1,저지방 고단백
35,1.75,80.98,26.44244897959180,Overweight,Male,76.0,1,199,1,저지방 고단백
35,1.729,73.78,24.68019940851820,Normal Weight,Male,55.4,2,551,1,저지방 고단백
35,1.7298,80.38,26.86310541428800,Overweight,Male,55.0,3,508,1,저지방 고단백
35,1.7,85.0,29.411764705882400,Overweight,Male,57.9,3,542,1,저지방 고단백
35,1.64,48.0,17.846519928613900,Underweight,Female,74.4,4,264,0,벌크업
35,1.71,65.0,22.229061933586400,Normal Weight,Male,72.2,1,288,0,벌크업
35,1.72,67.0,22.647376960519200,Normal Weight,Male,50.3,1,668,1,저지방 고단백
35,1.65,65.2,23.94857667584940,Normal Weight,Female,53.0,3,244,0,저지방 고단백
35,1.6,40.1,15.664062500000000,Underweight,Female,66.1,4,260,0,벌크업
35,1.75,85.6,27.951020408163300,Overweight,Male,53.8,1,1272,0,저지방 고단백
35,1.7,98.5,34.083044982699000,Obese Class 1,Male,51.6,4,469,0,저지방 고단백
34,1.74,76.22,25.17505615008590,Overweight,Male,52.3,2,718,0,저지방 고단백
34,1.73,72.72,24.297504093020100,Normal Weight,Male,84.9,1,487,1,벌크업
34,1.75,79.72,26.031020408163300,Overweight,Male,54.8,4,249,0,저지방 고단백
34,1.729,72.72,24.32561806705670,Normal Weight,Male,52.9,1,793,1,저지방 고단백
34,1.7298,79.22,26.47543183528110,Overweight,Male,76.0,3,64,1,저지방 고단백
34,1.62,46.0,17.527815881725300,Underweight,Female,68.3,4,223,1,벌크업
34,1.73,67.0,22.386314277122500,Normal Weight,Male,49.9,4,171,0,저지방 고단백
34,1.72,66.0,22.30935640886970,Normal Weight,Male,48.9,3,342,1,저지방 고단백
34,1.71,66.0,22.571047501795400,Normal Weight,Male,52.4,4,136,0,저지방 고단백
34,1.7,65.0,22.49134948096890,Normal Weight,Male,75.4,3,208,0,벌크업
34,1.73,70.9,23.689398242507300,Normal Weight,Male,75.1,4,42,0,벌크업
34,1.61,40.6,15.66297596543340,Underweight,Female,46.2,3,112,0,벌크업
34,1.77,86.9,27.737878642791000,Overweight,Male,56.2,3,614,1,저지방 고단백
34,1.81,120.9,36.90363542016420,Obese Class 2,Male,76.6,4,443,1,저지방 고단백
33,1.74,76.21,25.17175320385780,Overweight,Male,50.4,2,774,1,저지방 고단백
33,1.73,72.81,24.327575261452100,Normal Weight,Male,52.4,2,612,0,저지방 고단백
33,1.75,79.61,25.995102040816300,Overweight,Male,85.3,2,171,0,벌크업
33,1.729,72.81,24.35572403001100,Normal Weight,Male,52.2,2,618,0,저지방 고단백
33,1.7298,79.21,26.47208982166900,Overweight,Male,53.5,3,514,0,저지방 고단백
33,1.6,44.0,17.187500000000000,Underweight,Female,62.3,4,183,0,벌크업
33,1.69,64.0,22.40817898532970,Normal Weight,Female,52.1,2,357,0,저지방 고단백
33,1.73,66.0,22.052190183434100,Normal Weight,Male,87.4,3,428,1,벌크업
33,1.7,65.0,22.49134948096890,Normal Weight,Male,84.3,2,579,1,벌크업
33,1.77,73.6,23.49261068020050,Normal Weight,Male,51.8,4,218,1,저지방 고단백
33,1.62,41.2,15.698826398414900,Underweight,Female,73.0,4,318,1,벌크업
33,1.76,84.3,27.21461776859500,Overweight,Male,75.4,3,178,1,저지방 고단백
33,1.8,118.1,36.45061728395060,Obese Class 2,Male,70.6,3,950,0,저지방 고단백
32,1.74,76.2,25.168450257629800,Overweight,Male,60.4,1,632,0,저지방 고단백
32,1.73,72.9,24.35764642988410,Normal Weight,Male,50.4,3,450,0,저지방 고단백
32,1.75,79.5,25.959183673469400,Overweight,Male,59.5,1,800,1,저지방 고단백
32,1.729,72.9,24.38582999296520,Normal Weight,Male,51.7,1,848,1,저지방 고단백
32,1.6,120.0,46.87500000000000,Obese Class 3,Female,42.5,2,2325,1,저지방 고단백
32,1.58,42.0,16.82422688671690,Underweight,Female,54.4,1,496,0,벌크업
32,1.65,60.0,22.03856749311300,Normal Weight,Female,62.1,2,63,0,벌크업
32,1.68,65.0,23.030045351473900,Normal Weight,Female,51.1,4,139,0,저지방 고단백
32,1.7,65.0,22.49134948096890,Normal Weight,Male,49.7,2,459,0,저지방 고단백
32,1.68,64.0,22.67573696145130,Normal Weight,Female,47.9,1,644,0,저지방 고단백
32,1.65,61.0,22.4058769513315,Normal Weight,Female,76.9,3,318,1,벌크업
32,1.69,67.8,23.738664612583600,Normal Weight,Female,48.6,1,768,0,저지방 고단백
32,1.64,42.2,15.690065437239700,Underweight,Female,73.6,3,628,1,벌크업
32,1.72,81.9,27.68388318009740,Overweight,Male,50.6,4,313,0,저지방 고단백
32,1.77,115.7,36.930639343739000,Obese Class 2,Male,64.7,4,510,1,저지방 고단백
31,1.74,76.19,25.165147311401800,Overweight,Male,62.6,4,136,1,저지방 고단백
31,1.73,72.99,24.38771759831600,Normal Weight,Male,77.2,1,168,0,벌크업
31,1.75,79.39,25.92326530612250,Overweight,Male,66.9,4,125,1,저지방 고단백
31,1.729,72.99,24.415935955919500,Normal Weight,Male,82.0,4,90,1,벌크업
31,1.7298,76.07,25.42269754746060,Overweight,Male,49.4,4,267,1,저지방 고단백
31,1.55,40.0,16.649323621227900,Underweight,Female,71.4,1,1256,1,벌크업
31,1.68,62.0,21.9671201814059,Normal Weight,Female,76.8,3,296,1,벌크업
31,1.74,67.0,22.12973972783720,Normal Weight,Male,85.6,4,186,1,벌크업
31,1.71,66.0,22.571047501795400,Normal Weight,Male,55.9,2,303,0,저지방 고단백
31,1.68,63.0,22.321428571428600,Normal Weight,Female,68.2,1,208,0,벌크업
31,1.63,60.0,22.582709172343700,Normal Weight,Female,53.1,2,207,0,저지방 고단백
31,1.7,74.1,25.64013840830450,Overweight,Male,86.6,2,375,1,벌크업
31,1.65,43.0,15.794306703397600,Underweight,Female,68.8,1,1032,1,벌크업
31,1.74,82.5,27.24930638129210,Overweight,Male,55.1,2,822,1,저지방 고단백
31,1.85,132.0,38.568298027757500,Obese Class 2,Male,98.7,1,1332,0,저지방 고단백
30,1.74,76.18,25.16184436517370,Overweight,Male,53.8,3,448,1,저지방 고단백
30,1.73,73.08,24.417788766748000,Normal Weight,Male,82.4,2,280,1,벌크업
30,1.75,79.28,25.88734693877550,Overweight,Male,89.8,3,210,1,벌크업
30,1.729,73.08,24.446041918873800,Normal Weight,Male,72.4,4,7,0,저지방 고단백
30,1.7298,76.06,25.41935553384850,Overweight,Male,83.8,4,77,0,벌크업
30,1.68,95.0,33.6592970521542,Obese Class 1,Female,81.5,4,135,0,저지방 고단백
30,1.7,155.0,53.63321799307960,Obese Class 3,Male,52.5,4,1025,0,저지방 고단백
30,1.8,175.0,54.01234567901230,Obese Class 3,Male,65.2,2,3294,1,저지방 고단백
30,2.07,270.0,63.01197227473220,Obese Class 3,Male,74.7,1,7812,1,저지방 고단백
30,1.86,70.0,20.23355301190890,Normal Weight,Male,62.5,1,300,0,저지방 고단백
30,1.7,66.0,22.837370242214500,Normal Weight,Male,75.1,2,273,1,벌크업
30,1.72,66.0,22.30935640886970,Normal Weight,Male,78.8,3,256,1,벌크업
30,1.69,64.0,22.40817898532970,Normal Weight,Female,78.5,2,435,1,벌크업
30,1.65,61.0,22.4058769513315,Normal Weight,Female,81.3,3,406,1,벌크업
30,1.865,93.4,26.85277691926200,Overweight,Male,87.6,4,58,0,저지방 고단백
30,1.87,92.3,26.3948068289056,Overweight,Male,99.3,1,280,0,벌크업
30,1.68,68.7,24.340986394557800,Normal Weight,Female,74.0,4,53,1,벌크업
30,1.67,44.5,15.956111728638500,Underweight,Female,71.9,2,822,0,벌크업
30,1.74,79.9,26.39054036200290,Overweight,Male,55.9,1,960,1,저지방 고단백
30,1.72,106.7,36.06679286100600,Obese Class 2,Male,87.4,2,579,0,저지방 고단백
29,1.79,74.72,23.320121094847200,Normal Weight,Male,71.9,2,85,1,저지방 고단백
29,1.78,71.72,22.63603080419140,Normal Weight,Male,71.8,4,1,0,벌크업
29,1.8,77.72,23.98765432098770,Normal Weight,Male,56.4,3,426,0,저지방 고단백
29,1.779,71.72,22.66148599566300,Normal Weight,Male,78.7,1,279,0,벌크업
29,1.7798,74.6,23.55029884824140,Normal Weight,Male,88.6,3,280,0,벌크업
29,1.65,150.0,55.096418732782400,Obese Class 3,Female,45.2,2,3144,0,저지방 고단백
29,1.75,170.0,55.51020408163270,Obese Class 3,Male,61.5,3,2170,1,저지방 고단백
29,2.05,260.0,61.86793575252830,Obese Class 3,Male,107.3,1,6108,0,저지방 고단백
29,1.84,68.0,20.08506616257090,Normal Weight,Male,90.6,4,226,1,벌크업
29,1.63,58.0,21.82995219993230,Normal Weight,Female,46.2,2,354,0,저지방 고단백
29,1.7,64.0,22.145328719723200,Normal Weight,Male,55.7,2,249,1,저지방 고단백
29,1.68,63.0,22.321428571428600,Normal Weight,Female,67.0,1,160,0,벌크업
29,1.66,62.0,22.49963710262740,Normal Weight,Female,46.9,1,604,1,저지방 고단백
29,1.847,90.9,26.645881511129300,Overweight,Male,82.8,2,243,0,저지방 고단백
29,1.853,89.7,26.12411605398290,Overweight,Male,79.3,2,312,1,저지방 고단백
29,1.72,69.3,23.424824229313100,Normal Weight,Male,49.9,4,194,1,저지방 고단백
29,1.66,45.7,16.584409928872100,Underweight,Female,48.7,4,30,1,벌크업
29,1.75,81.4,26.579591836734700,Overweight,Male,71.4,3,200,0,저지방 고단백
29,1.76,113.8,36.73811983471070,Obese Class 2,Male,55.0,2,1764,1,저지방 고단백
28,1.78,74.71,23.579724782224500,Normal Weight,Male,53.1,1,864,0,저지방 고단백
28,1.77,71.81,22.921255067190100,Normal Weight,Male,71.0,3,16,1,저지방 고단백
28,1.79,77.61,24.22209044661530,Normal Weight,Male,55.9,3,434,0,저지방 고단백
28,1.769,71.81,22.94717675589360,Normal Weight,Male,81.1,4,93,0,벌크업
28,1.7698,74.59,23.813993218627800,Normal Weight,Male,81.1,1,260,1,벌크업
28,1.75,75.0,24.489795918367300,Normal Weight,Male,50.9,3,482,1,저지방 고단백
28,1.67,145.0,51.991824733766,Obese Class 3,Female,71.3,2,2211,1,저지방 고단백
28,1.72,165.0,55.77339102217420,Obese Class 3,Male,57.5,2,3225,0,저지방 고단백
28,2.02,250.0,61.26850308793260,Obese Class 3,Male,100.2,1,5992,0,저지방 고단백
28,1.82,66.0,19.925129815239700,Normal Weight,Male,59.5,2,195,1,저지방 고단백
28,1.78,75.0,23.671253629592200,Normal Weight,Male,69.5,4,55,1,저지방 고단백
28,1.76,69.0,22.27530991735540,Normal Weight,Male,87.1,2,543,1,벌크업
28,1.66,62.0,22.49963710262740,Normal Weight,Female,76.4,4,144,1,벌크업
28,1.67,63.0,22.58955143605010,Normal Weight,Female,68.4,2,162,1,벌크업
28,1.63,60.0,22.582709172343700,Normal Weight,Female,62.3,2,69,0,벌크업
28,1.832,88.3,26.309328578783800,Overweight,Male,86.4,4,19,1,저지방 고단백
28,1.838,87.2,25.8122267071295,Overweight,Male,76.7,4,105,1,저지방 고단백
28,1.78,72.1,22.75596515591470,Normal Weight,Male,55.2,1,676,0,저지방 고단백
28,1.68,46.2,16.369047619047600,Underweight,Female,65.9,2,591,0,벌크업
28,1.73,78.6,26.26215376390790,Overweight,Male,61.7,4,169,0,저지방 고단백
28,1.82,126.8,38.28040091776360,Obese Class 2,Male,92.1,4,347,1,저지방 고단백
27,1.77,74.7,23.84372306808390,Normal Weight,Male,80.9,3,124,0,벌크업
27,1.76,71.9,23.211518595041300,Normal Weight,Male,76.6,4,47,1,벌크업
27,1.78,77.5,24.46029541724530,Normal Weight,Male,68.0,2,285,1,저지방 고단백
27,1.759,71.9,23.237917817924000,Normal Weight,Male,92.3,2,612,1,벌크업
27,1.7598,74.58,24.08217745662530,Normal Weight,Male,73.0,2,47,1,저지방 고단백
27,1.69,140.0,49.017891530408600,Obese Class 3,Female,52.9,4,871,0,저지방 고단백
27,1.77,160.0,51.07089278304450,Obese Class 3,Male,80.2,4,798,0,저지방 고단백
27,2.0,240.0,60.0,Obese Class 3,Male,96.5,4,1435,0,저지방 고단백
27,1.8,64.0,19.753086419753100,Normal Weight,Male,77.8,3,276,0,벌크업
27,1.67,63.0,22.58955143605010,Normal Weight,Female,48.6,4,144,1,저지방 고단백
27,1.75,68.0,22.20408163265310,Normal Weight,Male,91.7,1,948,0,벌크업
27,1.66,62.0,22.49963710262740,Normal Weight,Female,49.9,2,363,1,저지방 고단백
27,1.62,59.0,22.4813290656912,Normal Weight,Female,44.1,2,447,1,저지방 고단백
27,1.82,85.8,25.90266875981160,Overweight,Male,59.5,2,789,0,저지방 고단백
27,1.825,84.6,25.40063801838990,Overweight,Male,84.7,1,4,0,벌크업
27,1.79,76.8,23.969289348022800,Normal Weight,Male,94.7,4,179,0,벌크업
27,1.69,47.5,16.63107034067440,Underweight,Female,73.4,2,777,0,벌크업
27,1.71,76.3,26.093498854348300,Overweight,Male,79.0,3,54,0,벌크업
27,1.84,131.0,38.693289224952700,Obese Class 2,Male,61.5,2,2085,0,저지방 고단백
26,1.76,74.69,24.11221590909090,Normal Weight,Male,67.9,4,68,0,저지방 고단백
26,1.75,71.99,23.506938775510200,Normal Weight,Male,53.6,3,368,1,저지방 고단백
26,1.77,77.39,24.702352452998800,Normal Weight,Male,87.3,2,297,1,벌크업
26,1.749,71.99,23.533826893158900,Normal Weight,Male,55.5,3,330,1,저지방 고단백
26,1.7498,74.57,24.354954283689900,Normal Weight,Male,57.1,3,349,1,저지방 고단백
26,1.64,135.0,50.19333729922670,Obese Class 3,Female,70.4,2,1938,0,저지방 고단백
26,1.79,155.0,48.37551886645240,Obese Class 3,Male,76.7,3,1566,1,저지방 고단백
26,1.97,230.0,59.26460357133650,Obese Class 3,Male,83.2,4,1468,1,저지방 고단백
26,1.78,62.0,19.56823633379620,Normal Weight,Male,54.8,1,288,0,저지방 고단백
26,1.74,68.0,22.46003435064080,Normal Weight,Male,76.8,3,176,0,벌크업
26,1.69,63.0,22.05805118868390,Normal Weight,Female,80.7,1,708,1,벌크업
26,1.65,61.0,22.4058769513315,Normal Weight,Female,45.9,1,604,1,저지방 고단백
26,1.6,58.0,22.65625,Normal Weight,Female,59.1,2,33,0,벌크업
26,1.794,83.2,25.851065548608100,Overweight,Male,60.3,1,916,0,저지방 고단백
26,1.7990000000000000,82.1,25.36768465959560,Overweight,Male,66.4,1,628,1,저지방 고단백
26,1.74,71.9,23.74818337957460,Normal Weight,Male,59.1,4,128,1,저지방 고단백
26,1.71,48.9,16.723094285421200,Underweight,Male,87.0,3,762,0,벌크업
26,1.76,80.2,25.89101239669420,Overweight,Male,70.7,4,95,1,저지방 고단백
26,1.86,134.1,38.76170655567120,Obese Class 2,Male,59.2,3,1498,0,저지방 고단백
25,1.75,74.68,24.38530612244900,Normal Weight,Male,78.8,3,82,0,벌크업
25,1.74,72.08,23.807636411679200,Normal Weight,Male,55.6,3,330,1,저지방 고단백
25,1.76,77.28,24.948347107438000,Normal Weight,Male,56.6,1,827,1,저지방 고단백
25,1.739,72.08,23.83502511969590,Normal Weight,Male,86.5,1,577,1,벌크업
25,1.7398,74.56,24.63242937823690,Normal Weight,Male,52.9,1,866,1,저지방 고단백
25,1.7,130.0,44.98269896193770,Obese Class 3,Male,78.9,4,511,1,저지방 고단백
25,1.74,150.0,49.54419342053110,Obese Class 3,Male,90.6,2,1782,0,저지방 고단백
25,1.95,220.0,57.85667324128860,Obese Class 3,Male,107.4,1,4504,0,저지방 고단백
25,1.76,60.0,19.3698347107438,Normal Weight,Male,52.8,1,288,0,저지방 고단백
25,1.72,68.0,22.985397512168700,Normal Weight,Male,53.3,2,441,0,저지방 고단백
25,1.62,60.0,22.86236854138090,Normal Weight,Female,74.7,2,441,1,벌크업
25,1.6,58.0,22.65625,Normal Weight,Female,67.4,4,94,1,벌크업
25,1.77,78.0,24.897060231734200,Normal Weight,Male,78.7,3,14,0,벌크업
25,1.77,77.0,24.577867151840100,Normal Weight,Male,86.0,1,360,1,벌크업
25,1.76,76.0,24.535123966942100,Normal Weight,Male,81.3,2,159,1,벌크업
25,1.76,75.0,24.21229338842980,Normal Weight,Male,80.4,2,162,0,벌크업
25,1.786,80.7,25.29942353680300,Overweight,Male,72.0,4,87,1,저지방 고단백
25,1.781,79.5,25.0633598584598,Overweight,Male,68.1,3,228,1,저지방 고단백
25,1.75,70.5,23.020408163265300,Normal Weight,Male,91.3,2,624,1,벌크업
25,1.73,49.7,16.605967456313300,Underweight,Male,64.4,2,441,1,벌크업
25,1.71,77.7,26.57227864984100,Overweight,Male,66.3,1,456,0,저지방 고단백
25,1.75,100.2,32.71836734693880,Obese Class 1,Male,51.0,4,492,1,저지방 고단백
24,1.77,71.82,22.92444699798910,Normal Weight,Male,90.3,2,554,0,벌크업
24,1.76,69.32,22.378615702479300,Normal Weight,Male,54.2,3,302,1,저지방 고단백
24,1.78,74.32,23.456634263350600,Normal Weight,Male,88.4,2,422,1,벌크업
24,1.759,69.32,22.404067637531100,Normal Weight,Male,89.5,2,605,0,벌크업
24,1.781,74.32,23.43030068780800,Normal Weight,Male,63.9,2,313,1,저지방 고단백
24,1.62,125.0,47.62993446121020,Obese Class 3,Female,59.6,3,1308,1,저지방 고단백
24,1.76,145.0,46.81043388429750,Obese Class 3,Male,55.3,4,897,0,저지방 고단백
24,1.92,210.0,56.966145833333300,Obese Class 3,Male,99.6,2,3312,0,저지방 고단백
24,1.74,58.0,19.15708812260540,Normal Weight,Male,79.5,4,215,0,벌크업
24,1.75,70.0,22.857142857142900,Normal Weight,Male,89.7,2,591,0,벌크업
24,1.76,76.0,24.535123966942100,Normal Weight,Male,53.0,4,230,0,저지방 고단백
24,1.76,75.0,24.21229338842980,Normal Weight,Male,75.8,3,16,1,벌크업
24,1.75,74.0,24.163265306122400,Normal Weight,Male,52.2,4,218,1,저지방 고단백
24,1.75,73.0,23.83673469387760,Normal Weight,Male,75.6,2,78,0,벌크업
24,1.7720000000000000,78.1,24.872738205035400,Normal Weight,Male,55.3,3,456,0,저지방 고단백
24,1.767,77.0,24.66139425274210,Normal Weight,Male,51.6,4,254,0,저지방 고단백
24,1.76,68.0,21.952479338843000,Normal Weight,Male,81.4,2,402,1,벌크업
24,1.66,50.5,18.32631731746260,Underweight,Female,68.1,4,176,0,벌크업
24,1.72,74.8,25.283937263385600,Overweight,Male,86.5,2,351,1,벌크업
24,1.83,128.7,38.43052942757320,Obese Class 2,Male,88.4,2,1209,1,저지방 고단백
23,1.76,71.81,23.182463842975200,Normal Weight,Male,75.4,2,108,0,벌크업
23,1.75,69.41,22.664489795918400,Normal Weight,Male,78.0,4,86,0,벌크업
23,1.77,74.21,23.68731845893580,Normal Weight,Male,90.7,2,495,0,벌크업
23,1.749,69.41,22.69041428884790,Normal Weight,Male,52.3,1,684,0,저지방 고단백
23,1.771,74.21,23.66057579275360,Normal Weight,Male,57.3,1,676,1,저지방 고단백
23,1.68,120.0,42.51700680272110,Obese Class 3,Female,82.2,2,1134,0,저지방 고단백
23,1.71,140.0,47.877979549263000,Obese Class 3,Male,67.5,1,2900,0,저지방 고단백
23,1.9,200.0,55.4016620498615,Obese Class 3,Male,96.2,3,2076,1,저지방 고단백
23,1.72,56.0,18.92915089237430,Normal Weight,Male,57.1,2,33,1,벌크업
23,1.75,74.0,24.163265306122400,Normal Weight,Male,79.3,1,212,1,벌크업
23,1.75,73.0,23.83673469387760,Normal Weight,Male,61.1,3,238,0,저지방 고단백
23,1.74,72.0,23.78121284185490,Normal Weight,Male,54.2,4,178,0,저지방 고단백
23,1.74,71.0,23.450918219051400,Normal Weight,Male,51.4,3,392,0,저지방 고단백
23,1.753,75.6,24.60129469194530,Normal Weight,Male,65.8,1,392,0,저지방 고단백
23,1.746,74.4,24.40531721007860,Normal Weight,Male,71.9,2,75,0,저지방 고단백
23,1.68,52.1,18.459467120181400,Underweight,Female,76.5,1,976,1,벌크업
23,1.7,75.9,26.26297577854670,Overweight,Male,54.5,1,856,0,저지방 고단백
22,1.75,71.8,23.44489795918370,Normal Weight,Male,64.6,2,216,1,저지방 고단백
22,1.74,69.5,22.95547628484610,Normal Weight,Male,89.5,2,600,0,벌크업
22,1.76,74.1,23.9217458677686,Normal Weight,Male,61.2,1,516,0,저지방 고단백
22,1.739,69.5,22.98188465342490,Normal Weight,Male,53.2,4,163,0,저지방 고단백
22,1.761,74.1,23.89458521612020,Normal Weight,Male,80.2,1,244,1,벌크업
22,1.762,71.901,23.15917702641590,Normal Weight,Male,79.0,1,284,1,벌크업
22,1.738,71.699,23.736329074197400,Normal Weight,Male,51.9,3,396,0,저지방 고단백
22,1.63,95.0,35.75595618954420,Obese Class 2,Female,61.2,2,1014,1,저지방 고단백
22,1.66,115.0,41.73319785164760,Obese Class 3,Female,53.6,1,2456,1,저지방 고단백
22,1.69,135.0,47.26725254717970,Obese Class 3,Female,57.6,1,3096,0,저지방 고단백
22,1.87,190.0,54.333838542709200,Obese Class 3,Male,64.2,3,2516,1,저지방 고단백
22,1.7,54.0,18.68512110726640,Normal Weight,Male,55.3,4,13,0,벌크업
22,1.74,72.0,23.78121284185490,Normal Weight,Male,62.7,4,93,0,저지방 고단백
22,1.76,73.0,23.56663223140500,Normal Weight,Male,51.8,4,212,1,저지방 고단백
22,1.74,71.0,23.450918219051400,Normal Weight,Male,87.9,1,676,1,벌크업
22,1.73,70.0,23.38868655818770,Normal Weight,Male,50.2,1,792,1,저지방 고단백
22,1.72,69.0,23.323418063818300,Normal Weight,Male,53.6,1,616,0,저지방 고단백
22,1.709,73.0,24.99417088001050,Normal Weight,Male,83.5,1,420,0,벌크업
22,1.702,71.9,24.82045730398050,Normal Weight,Male,63.3,4,86,0,저지방 고단백
22,1.8,80.2,24.753086419753100,Normal Weight,Male,96.0,1,632,1,벌크업
22,1.7,54.8,18.961937716263000,Normal Weight,Male,52.0,1,112,1,저지방 고단백
22,1.68,72.0,25.51020408163270,Overweight,Female,50.6,3,428,0,저지방 고단백
22,1.79,120.3,37.54564464280140,Obese Class 2,Male,77.4,4,429,0,저지방 고단백
21,1.74,71.79,23.71185097106620,Normal Weight,Male,50.6,1,848,1,저지방 고단백
21,1.73,69.59,23.25169567977550,Normal Weight,Male,50.0,2,588,1,저지방 고단백
21,1.75,73.99,24.16,Normal Weight,Male,76.6,3,52,0,벌크업
21,1.729,69.59,23.27859957764680,Normal Weight,Male,54.0,1,624,0,저지방 고단백
21,1.751,73.99,24.132412220348300,Normal Weight,Male,55.3,4,187,1,저지방 고단백
21,1.752,71.891,23.421047830529000,Normal Weight,Male,71.1,1,32,0,저지방 고단백
21,1.728,71.689,24.008501050240100,Normal Weight,Male,54.9,1,672,1,저지방 고단백
21,1.75,110.0,35.91836734693880,Obese Class 2,Male,51.3,2,1761,0,저지방 고단백
21,1.71,110.0,37.61841250299240,Obese Class 2,Male,52.5,3,1150,1,저지방 고단백
21,1.73,130.0,43.43613217949150,Obese Class 3,Male,51.8,4,782,0,저지방 고단백
21,1.85,180.0,52.59313367421480,Obese Class 3,Male,95.8,2,2526,0,저지방 고단백
21,1.68,52.0,18.42403628117910,Underweight,Female,51.9,1,4,0,저지방 고단백
21,1.73,70.0,23.38868655818770,Normal Weight,Male,55.5,1,580,1,저지방 고단백
21,1.75,71.0,23.18367346938780,Normal Weight,Male,90.4,1,776,0,벌크업
21,1.73,69.0,23.05456246449930,Normal Weight,Male,55.1,1,556,0,저지방 고단백
21,1.72,68.0,22.985397512168700,Normal Weight,Male,61.3,3,134,1,저지방 고단백
21,1.71,67.0,22.91303307000450,Normal Weight,Male,62.6,3,88,1,저지방 고단백
21,1.721,70.5,23.802763213825500,Normal Weight,Male,57.2,3,266,0,저지방 고단백
21,1.715,69.3,23.561611233414600,Normal Weight,Male,81.4,4,121,1,벌크업
21,1.75,57.3,18.710204081632700,Normal Weight,Male,64.9,1,304,1,벌크업
21,1.7,43.4,15.017301038062300,Underweight,Male,73.6,3,604,1,벌크업
21,1.55,37.6,15.650364203954200,Underweight,Female,44.3,4,67,1,벌크업
21,1.69,73.5,25.73439305346450,Overweight,Female,47.3,3,524,0,저지방 고단백
20,1.73,71.78,23.98342744495310,Normal Weight,Male,78.6,3,136,0,벌크업
20,1.72,69.68,23.553272038940000,Normal Weight,Male,52.6,4,171,1,저지방 고단백
20,1.74,73.88,24.40216673272560,Normal Weight,Male,62.6,4,113,1,저지방 고단백
20,1.719,69.68,23.580683467565200,Normal Weight,Male,81.5,1,473,1,벌크업
20,1.741,73.88,24.374142426414900,Normal Weight,Male,84.9,1,441,1,벌크업
20,1.742,71.881,23.68742264127570,Normal Weight,Male,52.3,1,783,1,저지방 고단백
20,1.718,71.679,24.285420006749100,Normal Weight,Male,49.3,2,671,0,저지방 고단백
20,1.72,105.0,35.49215792320170,Obese Class 2,Male,53.5,1,2060,0,저지방 고단백
20,1.65,105.0,38.56749311294770,Obese Class 2,Female,59.7,1,1812,0,저지방 고단백
20,1.78,125.0,39.4520893826537,Obese Class 2,Male,87.8,4,372,1,저지방 고단백
20,1.82,170.0,51.322304069556800,Obese Class 3,Male,88.4,2,2448,1,저지방 고단백
20,1.66,50.0,18.144868631151100,Underweight,Female,72.9,2,687,1,벌크업
20,1.72,68.0,22.985397512168700,Normal Weight,Male,69.0,1,40,1,벌크업
20,1.73,69.0,23.05456246449930,Normal Weight,Male,51.0,2,540,1,저지방 고단백
20,1.72,67.0,22.647376960519200,Normal Weight,Male,75.4,3,168,0,벌크업
20,1.7,66.0,22.837370242214500,Normal Weight,Male,86.5,4,205,1,벌크업
20,1.69,65.0,22.758306781975400,Normal Weight,Female,49.2,2,474,0,저지방 고단백
20,1.705,68.9,23.7012065599711,Normal Weight,Male,49.8,3,382,1,저지방 고단백
20,1.6970000000000000,66.8,23.19598278913640,Normal Weight,Female,52.7,2,423,1,저지방 고단백
20,1.61,44.6,17.206126306855400,Underweight,Female,44.6,2,0,0,균형 식단
20,1.57,41.1,16.67410442614310,Underweight,Female,41.9,2,24,0,벌크업
20,1.56,39.4,16.190006574622000,Underweight,Female,65.7,4,263,0,벌크업
20,1.54,34.9,14.715803676842600,Underweight,Female,62.2,1,1092,0,벌크업
20,1.51,31.7,13.902898995658100,Underweight,Female,39.6,4,79,1,벌크업
20,1.49,29.4,13.242646727624900,Underweight,Female,43.9,2,435,1,벌크업
20,1.47,27.6,12.772455921144000,Underweight,Female,39.2,2,348,1,벌크업
20,1.46,25.9,12.15049727903920,Underweight,Female,43.1,3,344,1,벌크업
20,1.68,72.9,25.829081632653100,Overweight,Female,60.9,2,360,1,저지방 고단백
19,1.751,70.0,22.83104278178640,Normal Weight,Male,57.1,3,258,1,저지방 고단백
19,1.741,68.0,22.43424045744740,Normal Weight,Male,72.8,3,96,1,벌크업
19,1.761,72.0,23.21741073631120,Normal Weight,Male,83.3,3,226,1,벌크업
19,1.74,68.0,22.46003435064080,Normal Weight,Male,77.7,4,97,1,벌크업
19,1.762,72.0,23.19106474043400,Normal Weight,Male,65.5,1,260,0,저지방 고단백
19,1.763,70.101,22.55379292438730,Normal Weight,Male,54.7,4,154,1,저지방 고단백
19,1.739,69.899,23.11382381855750,Normal Weight,Male,76.3,2,192,0,벌크업
19,1.68,98.0,34.72222222222220,Obese Class 1,Female,61.8,4,362,0,저지방 고단백
19,1.69,98.0,34.31252407128600,Obese Class 1,Female,49.8,2,1446,0,저지방 고단백
19,1.75,120.0,39.18367346938780,Obese Class 2,Male,56.8,1,2528,0,저지방 고단백
19,1.8,160.0,49.38271604938270,Obese Class 3,Male,95.2,3,1296,0,저지방 고단백
19,1.64,48.0,17.846519928613900,Underweight,Female,64.9,3,338,0,벌크업
19,1.71,66.0,22.571047501795400,Normal Weight,Male,53.3,4,127,0,저지방 고단백
19,1.72,67.0,22.647376960519200,Normal Weight,Male,54.0,4,130,0,저지방 고단백
19,1.7,65.0,22.49134948096890,Normal Weight,Male,68.0,2,90,1,벌크업
19,1.69,64.0,22.40817898532970,Normal Weight,Female,49.1,1,596,1,저지방 고단백
19,1.68,63.0,22.321428571428600,Normal Weight,Female,67.6,4,46,0,벌크업
19,1.673,65.4,23.36608038288930,Normal Weight,Female,78.5,2,393,0,벌크업
19,1.661,64.2,23.26996677324220,Normal Weight,Female,62.2,4,20,1,저지방 고단백
19,1.58,41.5,16.623938471398800,Underweight,Female,42.9,4,14,1,벌크업
19,1.6,42.3,16.523437500000000,Underweight,Female,44.0,2,51,0,벌크업
19,1.59,41.2,16.296823701594100,Underweight,Female,44.2,3,60,1,벌크업
19,1.58,37.0,14.821342733536300,Underweight,Female,45.1,3,162,0,벌크업
19,1.53,33.6,14.353453799820600,Underweight,Female,63.4,4,298,0,벌크업
19,1.5,30.8,13.68888888888890,Underweight,Female,57.2,4,264,1,벌크업
19,1.48,28.7,13.10262965668370,Underweight,Female,47.4,3,374,0,벌크업
19,1.47,26.9,12.448516821694700,Underweight,Female,57.5,2,918,1,벌크업
19,1.69,74.4,26.04950807044570,Overweight,Female,76.5,2,63,1,벌크업
18,1.75,69.2,22.59591836734690,Normal Weight,Male,54.8,4,144,1,저지방 고단백
18,1.74,67.3,22.22882811467830,Normal Weight,Male,56.6,3,214,0,저지방 고단백
18,1.76,71.1,22.953254132231400,Normal Weight,Male,67.1,2,120,1,저지방 고단백
18,1.739,67.3,22.254400534899200,Normal Weight,Male,52.9,4,144,0,저지방 고단백
18,1.761,71.1,22.92719310210730,Normal Weight,Male,63.0,4,81,0,저지방 고단백
18,1.762,69.301,22.32172191078910,Normal Weight,Male,56.1,3,264,1,저지방 고단백
18,1.738,69.099,22.875585471177700,Normal Weight,Male,86.1,4,170,1,벌크업
18,1.59,69.32,27.419801431905400,Overweight,Female,52.2,3,342,1,저지방 고단백
18,1.7,100.0,34.602076124567500,Obese Class 1,Male,48.7,4,513,1,저지방 고단백
18,1.67,100.0,35.8564308508731,Obese Class 2,Female,57.5,3,850,1,저지방 고단백
18,1.72,115.0,38.87236343969710,Obese Class 2,Male,52.4,2,1878,0,저지방 고단백
18,1.78,150.0,47.34250725918450,Obese Class 3,Male,81.5,4,685,1,저지방 고단백
18,1.62,46.0,17.527815881725300,Underweight,Female,75.6,4,296,1,벌크업
18,1.7,64.0,22.145328719723200,Normal Weight,Male,59.6,3,88,1,저지방 고단백
18,1.71,65.0,22.229061933586400,Normal Weight,Male,68.3,4,33,1,벌크업
18,1.69,63.0,22.05805118868390,Normal Weight,Female,79.5,1,660,0,벌크업
18,1.68,62.0,21.9671201814059,Normal Weight,Female,48.5,1,540,0,저지방 고단백
18,1.67,61.0,21.8724228190326,Normal Weight,Female,55.5,3,110,0,저지방 고단백
18,1.69,63.8,22.33815342600050,Normal Weight,Female,74.9,4,111,1,벌크업
18,1.6840000000000000,61.7,21.75709909106810,Normal Weight,Female,69.1,3,148,0,벌크업
18,1.62,43.9,16.727632982777000,Underweight,Female,47.0,4,31,1,벌크업
18,1.55,40.0,16.649323621227900,Underweight,Female,52.8,2,384,1,벌크업
18,1.61,41.7,16.087342309324500,Underweight,Female,76.5,4,348,1,벌크업
18,1.57,36.3,14.72676376323580,Underweight,Female,67.3,2,930,0,벌크업
18,1.52,32.9,14.239958448753500,Underweight,Female,56.8,4,239,1,벌크업
18,1.5,30.3,13.466666666666700,Underweight,Female,66.3,2,1080,1,벌크업
18,1.48,28.3,12.9200146092038,Underweight,Female,64.5,2,1086,1,벌크업
18,1.46,26.6,12.478889097391600,Underweight,Female,35.5,4,89,0,벌크업
18,1.7,72.9,25.22491349480970,Overweight,Male,82.8,1,396,0,벌크업
17,1.65,95.0,34.894398530762200,Obese Class 1,Female,75.9,1,764,1,저지방 고단백
17,1.63,95.0,35.75595618954420,Obese Class 2,Female,43.9,2,1533,0,저지방 고단백
17,1.68,110.0,38.97392290249430,Obese Class 2,Female,79.3,4,307,0,저지방 고단백
17,1.75,140.0,45.71428571428570,Obese Class 3,Male,82.1,4,579,1,저지방 고단백
17,1.6,44.0,17.187500000000000,Underweight,Female,76.8,1,1312,1,벌크업
17,1.69,61.0,21.35779559539230,Normal Weight,Female,77.7,4,167,1,벌크업
17,1.7,62.0,21.45328719723180,Normal Weight,Male,86.3,3,486,1,벌크업
17,1.68,60.0,21.258503401360500,Normal Weight,Female,61.9,2,57,1,벌크업
17,1.67,59.0,21.15529420201510,Normal Weight,Female,50.2,1,352,0,저지방 고단백
17,1.65,58.0,21.30394857667590,Normal Weight,Female,47.6,1,416,1,저지방 고단백
17,1.638,60.3,22.47447302392360,Normal Weight,Female,53.8,3,130,0,저지방 고단백
17,1.628,59.1,22.29865559103890,Normal Weight,Female,64.9,1,232,0,벌크업
17,1.63,45.2,17.01230757649890,Underweight,Female,44.4,1,32,0,저지방 고단백
17,1.62,44.0,16.76573693034600,Underweight,Female,46.4,1,96,0,벌크업
17,1.6,38.9,15.195312500000000,Underweight,Female,50.9,3,240,0,벌크업
17,1.54,34.1,14.37847866419300,Underweight,Female,46.9,2,384,1,벌크업
17,1.51,31.2,13.683610367966300,Underweight,Female,40.9,3,194,0,벌크업
17,1.49,29.0,13.062474663303500,Underweight,Female,45.5,4,165,1,벌크업
17,1.47,27.3,12.63362487852280,Underweight,Female,48.0,1,828,1,벌크업
16,1.6,90.0,35.15625000000000,Obese Class 2,Female,72.1,1,716,0,저지방 고단백
16,1.58,90.0,36.05191475725040,Obese Class 2,Female,49.0,4,410,0,저지방 고단백
16,1.7,105.0,36.33217993079590,Obese Class 2,Male,55.8,2,1476,1,저지방 고단백
16,1.72,130.0,43.942671714440200,Obese Class 3,Male,60.6,1,2776,0,저지방 고단백
16,1.58,42.0,16.82422688671690,Underweight,Female,44.8,2,84,0,벌크업
16,1.67,58.0,20.7967298935064,Normal Weight,Female,50.5,4,75,0,저지방 고단백
16,1.68,59.0,20.90419501133790,Normal Weight,Female,60.9,2,57,0,벌크업
16,1.66,57.0,20.685150239512300,Normal Weight,Female,71.8,3,296,0,벌크업
16,1.65,56.0,20.56932966023880,Normal Weight,Female,50.1,2,177,1,저지방 고단백
16,1.64,55.0,20.449137418203500,Normal Weight,Female,64.1,3,182,1,벌크업
16,1.652,58.7,21.50889083010400,Normal Weight,Female,60.0,4,13,1,벌크업
16,1.642,56.6,20.992788272523500,Normal Weight,Female,74.4,1,712,0,벌크업
16,1.59,42.8,16.929710058937500,Underweight,Female,57.0,1,568,0,벌크업
16,1.58,40.1,16.06313090850830,Underweight,Female,52.9,3,256,1,벌크업
16,1.55,35.7,14.859521331945900,Underweight,Female,67.3,1,1264,0,벌크업
16,1.52,32.2,13.936980609418300,Underweight,Female,42.2,4,100,1,벌크업
16,1.49,29.9,13.467861808026700,Underweight,Female,39.7,1,392,0,벌크업
16,1.47,28.0,12.957563977972100,Underweight,Female,36.2,4,82,1,벌크업
16,1.46,26.3,12.33814974666920,Underweight,Female,50.0,4,237,1,벌크업
15,1.55,85.0,35.37981269510930,Obese Class 2,Female,47.9,2,1113,0,저지방 고단백
15,1.62,85.0,32.38835543362290,Obese Class 1,Female,66.8,3,364,1,저지방 고단백
15,1.65,100.0,36.73094582185490,Obese Class 2,Female,79.9,3,402,0,저지방 고단백
15,1.7,120.0,41.52249134948100,Obese Class 3,Male,80.3,1,1588,0,저지방 고단백
15,1.55,40.0,16.649323621227900,Underweight,Female,40.6,1,24,0,벌크업
15,1.65,55.0,20.202020202020200,Normal Weight,Female,49.1,1,236,0,저지방 고단백
15,1.66,56.0,20.322252866889200,Normal Weight,Female,76.5,4,205,1,벌크업
15,1.64,54.0,20.077334919690700,Normal Weight,Female,50.4,3,72,1,저지방 고단백
15,1.63,53.0,19.94805976890360,Normal Weight,Female,45.3,1,308,1,저지방 고단백
15,1.62,52.0,19.81405273586340,Normal Weight,Female,46.8,2,156,0,저지방 고단백
15,1.605,55.2,21.42836346696950,Normal Weight,Female,43.8,3,228,1,저지방 고단백
15,1.597,54.0,21.173074593133900,Normal Weight,Female,42.8,2,336,0,저지방 고단백
22,1.78,115.0,36.295922232041400,Obese Class 2,Male,82.6,2,972,0,저지방 고단백
32,1.76,130.5,42.12939049586780,Obese Class 3,Male,51.8,4,787,1,저지방 고단백
42,1.73,146.2,48.84894249724350,Obese Class 3,Male,57.5,3,1774,1,저지방 고단백
25,1.81,128.7,39.28451512469090,Obese Class 2,Male,80.1,4,486,1,저지방 고단백
35,1.75,141.5,46.204081632653100,Obese Class 3,Male,52.1,3,1788,1,저지방 고단백
45,1.7,155.8,53.91003460207610,Obese Class 3,Male,73.1,1,3308,1,저지방 고단백
28,1.85,142.0,41.49013878743610,Obese Class 3,Male,59.9,2,2463,1,저지방 고단백
38,1.8,159.6,49.25925925925930,Obese Class 3,Male,86.5,4,731,0,저지방 고단백
48,1.68,175.0,62.00396825396830,Obese Class 3,Female,58.9,4,1161,1,저지방 고단백
30,1.8,150.0,46.29629629629630,Obese Class 3,Male,85.6,2,1932,0,저지방 고단백
40,1.74,165.3,54.59770114942530,Obese Class 3,Male,88.2,1,3084,0,저지방 고단백
50,1.66,182.7,66.30134997822620,Obese Class 3,Female,49.7,4,1330,0,저지방 고단백
24,1.77,124.5,39.73953844680650,Obese Class 2,Male,56.3,3,1364,0,저지방 고단백
34,1.76,138.9,44.8411673553719,Obese Class 3,Male,92.2,2,1401,0,저지방 고단백
44,1.72,154.0,52.05516495402920,Obese Class 3,Male,69.4,3,1692,0,저지방 고단백
27,1.83,136.2,40.6700707695064,Obese Class 3,Male,64.9,4,713,0,저지방 고단백
37,1.78,152.3,48.06842570382530,Obese Class 3,Male,76.4,2,2277,1,저지방 고단백
47,1.67,168.9,60.56151170712470,Obese Class 3,Female,65.6,3,2066,1,저지방 고단백
29,1.79,132.1,41.22842607908620,Obese Class 3,Male,56.9,3,1504,0,저지방 고단백
39,1.77,146.3,46.69794758849630,Obese Class 3,Male,88.7,3,1152,1,저지방 고단백
49,1.65,162.5,59.68778696051420,Obese Class 3,Female,62.6,4,999,0,저지방 고단백
26,1.82,132.0,39.85025963047940,Obese Class 2,Male,77.7,4,543,1,저지방 고단백
36,1.76,144.0,46.48760330578510,Obese Class 3,Male,83.7,2,1809,0,저지방 고단백
46,1.71,158.7,54.273109674771700,Obese Class 3,Male,53.6,4,1051,0,저지방 고단백
31,1.78,127.8,40.33581618482520,Obese Class 3,Male,55.2,2,2178,1,저지방 고단백
41,1.75,151.0,49.30612244897960,Obese Class 3,Male,73.0,1,3120,0,저지방 고단백
17,1.65,60.5,22.222222222222200,Normal Weight,Female,50.0,1,420,0,저지방 고단백
25,1.75,70.2,22.92244897959180,Normal Weight,Male,52.1,4,181,0,저지방 고단백
32,1.8,76.8,23.703703703703700,Normal Weight,Male,57.2,1,784,1,저지방 고단백
22,1.68,63.5,22.49858276643990,Normal Weight,Female,55.3,3,164,0,저지방 고단백
39,1.7,72.9,25.22491349480970,Overweight,Male,51.8,1,844,1,저지방 고단백
48,1.62,68.7,26.17741197988110,Overweight,Female,59.0,4,97,1,저지방 고단백
19,1.7,67.3,23.28719723183390,Normal Weight,Male,51.4,1,636,0,저지방 고단백
28,1.78,74.6,23.545006943567700,Normal Weight,Male,52.9,1,868,1,저지방 고단백
35,1.75,71.8,23.44489795918370,Normal Weight,Male,70.4,3,28,0,저지방 고단백
44,1.69,70.3,24.613984104198000,Normal Weight,Female,60.5,2,294,0,저지방 고단백
20,1.72,66.0,22.30935640886970,Normal Weight,Male,81.7,3,314,0,벌크업
29,1.79,75.3,23.501139165444300,Normal Weight,Male,76.2,2,27,1,벌크업
37,1.72,69.5,23.49242833964310,Normal Weight,Male,66.6,1,116,0,저지방 고단백
47,1.66,68.0,24.67702133836550,Normal Weight,Female,82.6,3,292,1,벌크업
21,1.69,65.7,23.003396239627500,Normal Weight,Female,85.0,4,193,0,벌크업
31,1.76,72.0,23.243801652892600,Normal Weight,Male,53.5,3,370,1,저지방 고단백
38,1.71,70.2,24.00738688827330,Normal Weight,Male,74.5,1,172,0,벌크업
49,1.64,67.3,25.02230814991080,Overweight,Female,48.4,2,567,0,저지방 고단백
24,1.73,68.5,22.887500417655100,Normal Weight,Male,50.6,2,537,1,저지방 고단백
33,1.81,78.4,23.93089344037120,Normal Weight,Male,56.8,2,648,0,저지방 고단백
41,1.67,68.9,24.70508085625160,Normal Weight,Female,75.2,4,63,0,벌크업
50,1.63,67.0,25.21735857578380,Overweight,Female,76.4,1,376,1,벌크업
23,1.71,67.0,22.91303307000450,Normal Weight,Male,61.4,2,168,1,저지방 고단백
30,1.77,73.5,23.46069137221110,Normal Weight,Male,81.8,4,83,1,벌크업
36,1.74,70.8,23.384859294490700,Normal Weight,Male,51.8,1,760,0,저지방 고단백
46,1.68,69.2,24.518140589569200,Normal Weight,Female,72.8,3,72,0,벌크업
18,1.66,62.3,22.608506314414300,Normal Weight,Female,66.4,1,164,0,벌크업
27,1.74,71.5,23.616065530453200,Normal Weight,Male,80.8,2,279,0,벌크업
34,1.78,73.2,23.10314354248200,Normal Weight,Male,68.1,2,153,0,저지방 고단백
42,1.65,66.2,24.31588613406800,Normal Weight,Female,48.6,2,528,1,저지방 고단백
16,1.6,55.0,21.484375,Normal Weight,Female,60.2,1,208,1,벌크업
26,1.72,68.5,23.15440778799350,Normal Weight,Male,55.3,3,264,1,저지방 고단백
37,1.76,73.2,23.63119834710740,Normal Weight,Male,88.1,1,596,1,벌크업
47,1.66,63.7,23.11656263608650,Normal Weight,Female,70.3,4,66,0,벌크업
18,1.68,62.8,22.25056689342400,Normal Weight,Female,46.6,2,486,0,저지방 고단백
29,1.79,71.4,22.28394869074000,Normal Weight,Male,54.7,3,334,1,저지방 고단백
40,1.73,70.0,23.38868655818770,Normal Weight,Male,88.4,1,736,1,벌크업
49,1.65,63.3,23.25068870523420,Normal Weight,Female,80.9,1,704,0,벌크업
19,1.66,59.5,21.59239367106980,Normal Weight,Female,49.8,4,97,0,저지방 고단백
30,1.76,68.0,21.952479338843000,Normal Weight,Male,66.7,3,26,0,저지방 고단백
42,1.69,67.2,23.52858793459610,Normal Weight,Female,58.4,4,88,0,저지방 고단백
50,1.64,62.7,23.31201665675190,Normal Weight,Female,46.2,4,165,1,저지방 고단백
21,1.72,65.7,22.2079502433748,Normal Weight,Male,54.4,1,452,0,저지방 고단백
32,1.78,70.5,22.25097841181670,Normal Weight,Male,56.5,1,560,0,저지방 고단백
44,1.7,66.9,23.148788927335600,Normal Weight,Male,71.3,2,132,0,벌크업
22,1.69,64.3,22.51321732432340,Normal Weight,Female,64.7,4,4,1,벌크업
34,1.75,69.8,22.79183673469390,Normal Weight,Male,57.7,3,242,0,저지방 고단백
46,1.68,63.8,22.60487528344670,Normal Weight,Female,75.0,3,224,1,벌크업
23,1.7,63.5,21.972318339100300,Normal Weight,Male,63.1,4,4,1,저지방 고단백
35,1.77,70.3,22.43927351655020,Normal Weight,Male,55.8,3,290,0,저지방 고단백
48,1.65,63.1,23.17722681359050,Normal Weight,Female,55.6,4,75,0,저지방 고단백
25,1.71,66.7,22.810437399541700,Normal Weight,Male,69.5,1,112,0,벌크업
36,1.75,70.1,22.889795918367300,Normal Weight,Male,54.2,2,477,0,저지방 고단백
45,1.67,63.5,22.76883359030440,Normal Weight,Female,80.5,2,510,0,벌크업
27,1.74,68.2,22.52609327520150,Normal Weight,Male,78.0,3,196,1,벌크업
38,1.78,71.0,22.408786769347300,Normal Weight,Male,53.2,2,534,1,저지방 고단백
16,1.62,50.0,19.05197378448410,Normal Weight,Female,75.7,4,257,0,벌크업
26,1.67,55.5,19.90031912223460,Normal Weight,Female,68.4,1,516,0,벌크업
36,1.7,57.8,20.0,Normal Weight,Male,80.2,2,672,0,벌크업
46,1.73,60.2,20.11427044004140,Normal Weight,Male,52.3,3,158,1,저지방 고단백
17,1.63,51.2,19.2705784937333,Normal Weight,Female,46.8,1,176,1,저지방 고단백
27,1.68,56.0,19.841269841269800,Normal Weight,Female,47.0,1,360,0,저지방 고단백
37,1.71,58.1,19.86936151294420,Normal Weight,Male,65.1,1,280,0,벌크업
47,1.74,61.0,20.147971991016000,Normal Weight,Male,51.1,4,99,1,저지방 고단백
18,1.64,52.5,19.51963117192150,Normal Weight,Female,44.7,2,234,0,저지방 고단백
28,1.69,56.7,19.85224606981550,Normal Weight,Female,60.3,3,72,0,벌크업
38,1.72,59.0,19.94321254732290,Normal Weight,Male,53.9,3,102,0,저지방 고단백
48,1.75,62.3,20.34285714285710,Normal Weight,Male,55.2,2,213,1,저지방 고단백
19,1.65,53.8,19.761248852157900,Normal Weight,Female,50.2,2,108,0,저지방 고단백
29,1.7,57.3,19.82698961937720,Normal Weight,Male,69.4,2,363,0,벌크업
39,1.73,59.9,20.014033211934900,Normal Weight,Male,79.8,3,398,1,벌크업
49,1.76,63.6,20.53202479338840,Normal Weight,Male,69.6,2,180,0,벌크업
20,1.66,55.0,19.959355494266200,Normal Weight,Female,76.3,1,852,0,벌크업
30,1.71,58.5,20.006155740227800,Normal Weight,Male,50.8,2,231,0,저지방 고단백
40,1.74,60.7,20.048883604174900,Normal Weight,Male,52.0,3,174,0,저지방 고단백
50,1.77,64.9,20.71563088512240,Normal Weight,Male,89.9,1,1000,1,벌크업
21,1.67,56.2,20.151314138190700,Normal Weight,Female,82.6,3,528,0,벌크업
31,1.72,59.0,19.94321254732290,Normal Weight,Male,76.4,2,522,1,벌크업
41,1.75,61.5,20.081632653061200,Normal Weight,Male,59.9,3,32,1,저지방 고단백
22,1.68,57.5,20.37273242630390,Normal Weight,Female,72.6,1,604,0,벌크업
32,1.73,60.8,20.314744896254500,Normal Weight,Male,74.2,4,134,0,벌크업
42,1.76,62.2,20.08006198347110,Normal Weight,Male,53.5,2,261,0,저지방 고단백
23,1.69,58.7,20.55250166310700,Normal Weight,Female,81.1,4,224,1,벌크업
33,1.74,61.2,20.214030915576700,Normal Weight,Male,53.0,3,164,1,저지방 고단백
43,1.77,63.4,20.236841265281400,Normal Weight,Male,92.1,4,287,0,벌크업
24,1.7,60.0,20.761245674740500,Normal Weight,Male,69.6,2,288,1,벌크업
34,1.75,61.8,20.17959183673470,Normal Weight,Male,85.8,4,240,0,벌크업
44,1.78,64.8,20.45196313596770,Normal Weight,Male,81.5,3,334,1,벌크업
25,1.71,61.2,20.929516774392100,Normal Weight,Male,73.5,2,369,0,벌크업
35,1.76,62.4,20.14462809917360,Normal Weight,Male,65.1,1,108,1,벌크업
45,1.79,65.7,20.50497799694140,Normal Weight,Male,72.5,4,68,0,벌크업
16,1.65,65.5,24.05876951331500,Normal Weight,Female,77.0,1,460,0,벌크업
26,1.7,75.6,26.15916955017300,Overweight,Male,51.1,3,490,1,저지방 고단백
36,1.75,85.8,28.016326530612200,Overweight,Male,78.6,4,72,0,저지방 고단백
46,1.8,95.9,29.59876543209880,Overweight,Male,71.5,4,244,1,저지방 고단백
17,1.67,68.0,24.38237297859370,Normal Weight,Female,73.3,2,159,1,벌크업
27,1.72,78.2,26.433207138994100,Overweight,Male,54.1,4,241,0,저지방 고단백
37,1.77,88.3,28.18474895464270,Overweight,Male,84.0,1,172,0,저지방 고단백
47,1.82,98.4,29.70655717908470,Overweight,Male,77.5,3,418,1,저지방 고단백
18,1.69,70.5,24.684009663527200,Normal Weight,Female,72.7,1,88,0,벌크업
28,1.74,80.8,26.68780552252610,Overweight,Male,55.5,1,1012,1,저지방 고단백
38,1.79,90.9,28.369901064261400,Overweight,Male,72.2,3,374,0,저지방 고단백
48,1.84,101.0,29.832230623818500,Overweight,Male,57.2,4,438,0,저지방 고단백
19,1.7,73.0,25.25951557093430,Overweight,Male,66.6,2,192,0,저지방 고단백
29,1.76,83.3,26.89178719008270,Overweight,Male,75.3,3,160,0,저지방 고단백
39,1.81,93.5,28.540032355544700,Overweight,Male,90.6,1,116,0,저지방 고단백
49,1.86,104.6,30.23470921493810,Obese Class 1,Male,95.8,2,264,1,저지방 고단백
20,1.72,75.6,25.55435370470530,Overweight,Male,84.6,4,90,1,벌크업
30,1.78,85.7,27.04835248074740,Overweight,Male,53.1,4,326,1,저지방 고단백
40,1.83,96.1,28.69598972797040,Overweight,Male,81.7,1,576,1,저지방 고단백
50,1.88,107.2,30.33046627433230,Obese Class 1,Male,83.0,4,242,1,저지방 고단백
21,1.74,78.1,25.79601004095650,Overweight,Male,61.4,4,167,0,저지방 고단백
31,1.8,88.2,27.22222222222220,Overweight,Male,96.1,4,79,0,벌크업
41,1.85,98.7,28.83856829802780,Overweight,Male,62.2,3,730,0,저지방 고단백
22,1.76,80.7,26.052427685950400,Overweight,Male,90.0,3,186,0,벌크업
32,1.82,90.6,27.351769110010900,Overweight,Male,79.2,1,456,0,저지방 고단백
42,1.87,101.3,28.96851497040240,Overweight,Male,60.6,1,1628,0,저지방 고단백
23,1.78,83.3,26.29087236460040,Overweight,Male,80.9,2,72,1,저지방 고단백
33,1.84,93.1,27.498818525519800,Overweight,Male,89.0,4,41,1,저지방 고단백
43,1.89,104.0,29.114526469023800,Overweight,Male,95.3,3,174,1,저지방 고단백
24,1.8,85.8,26.48148148148150,Overweight,Male,59.4,2,792,0,저지방 고단백
34,1.86,95.7,27.66215747485260,Overweight,Male,71.1,2,738,0,저지방 고단백
44,1.91,106.9,29.302924810175200,Overweight,Male,62.5,2,1332,1,저지방 고단백
25,1.82,88.4,26.687598116169500,Overweight,Male,96.6,3,164,0,벌크업
35,1.88,98.5,27.868945224083300,Overweight,Male,60.3,2,1146,0,저지방 고단백
45,1.93,109.9,29.50414776235600,Overweight,Male,68.2,3,834,0,저지방 고단백